{
  "images": [
    {
      "size": "16x16",
      "idiom": "mac",
      "filename": "logo-1024-mac-16.png",
      "scale": "1x"
    },
    {
      "size": "16x16",
      "idiom": "mac",
      "filename": "logo-1024-mac-32.png",
      "scale": "2x"
    },
    {
      "size": "32x32",
      "idiom": "mac",
      "filename": "logo-1024-mac-32.png",
      "scale": "1x"
    },
    {
      "size": "32x32",
      "idiom": "mac",
      "filename": "logo-1024-mac-64.png",
      "scale": "2x"
    },
    {
      "size": "128x128",
      "idiom": "mac",
      "filename": "logo-1024-mac-128.png",
      "scale": "1x"
    },
    {
      "size": "128x128",
      "idiom": "mac",
      "filename": "logo-1024-mac-256.png",
      "scale": "2x"
    },
    {
      "size": "256x256",
      "idiom": "mac",
      "filename": "logo-1024-mac-256.png",
      "scale": "1x"
    },
    {
      "size": "256x256",
      "idiom": "mac",
      "filename": "logo-1024-mac-512.png",
      "scale": "2x"
    },
    {
      "size": "512x512",
      "idiom": "mac",
      "filename": "logo-1024-mac-512.png",
      "scale": "1x"
    },
    {
      "size": "512x512",
      "idiom": "mac",
      "filename": "logo-1024-mac-1024.png",
      "scale": "2x"
    }
  ],
  "info": {
    "version": 1,
    "author": "xcode"
  }
}
